{
  "usingComponents": {
    "activityCard": "/components/order/activityCard/index",
    "payItem": "/components/payItem/index",
    "orderInfo": "/components/order/info/index",
    "buttonTwo": "/components/buttons/two/index",
    "insurance": "/components/insurance/index",
    "official": "/components/sub_activity/official/index",
    "btn": "/components/buttons/one/index",
    "bigDialog": "/components/bigDialog/bigDialog",
    "loading-view": "/components/loading/loading",
    "van-loading": "@vant/weapp/loading/index"
  },
  "navigationBarTitleText": "订单详情"
}