{
  "usingComponents": {
    "find-nav-bar": "/components/findNavBar/findNavBar",
    "p-search": "./../../components/pSearch/pSearch",
    "van-icon": "@vant/weapp/icon/index",
    "van-dropdown-menu": "@vant/weapp/dropdown-menu/index",
    "van-dropdown-item": "@vant/weapp/dropdown-item/index",
    "van-sticky": "@vant/weapp/sticky/index",
    "tabs": "./../../components/index/tabs/tabs",
    "activity-item": "./../../components/find/activityItem/activityItem",
    "recycle-view": "/components/miniprogram-recycle-view/recycle-view",
    "recycle-item": "/components/miniprogram-recycle-view/recycle-item",
    "mp-sticky": "@miniprogram-component-plus/sticky",
    "empty": "/components/empty/empty",
    "loading-view": "/components/loading/loading",
    "van-popup": "@vant/weapp/popup/index"
  },
  "navigationStyle": "custom"
}