{
  "usingComponents": {
    "van-icon": "@vant/weapp/icon/index",
    "van-cell": "@vant/weapp/cell/index",
    "van-field": "@vant/weapp/field/index",
    "van-cell-group": "@vant/weapp/cell-group/index",
    "van-radio": "@vant/weapp/radio/index",
    "van-radio-group": "@vant/weapp/radio-group/index",
    "common-title": "/components/sub_activity/create/commonTitle/commonTitle",
    "van-datetime-picker": "@vant/weapp/datetime-picker/index",
    "van-popup": "@vant/weapp/popup/index"
  },
  "navigationBarTitleText": "高级设置"
}
