{
  "usingComponents": {
    "host": "/components/helper/host/index",
    "van-tab": "@vant/weapp/tab/index",
    "van-tabs": "@vant/weapp/tabs/index",
    "van-cell": "@vant/weapp/cell/index",
    "van-row": "@vant/weapp/row/index",
    "van-col": "@vant/weapp/col/index",
    "van-sticky": "@vant/weapp/sticky/index",
    "ec-canvas": "./../components/ec-canvas/ec-canvas",
    "pie": "./../components/pie/index",
    "management": "/components/helper/management/index",
    "van-progress": "@vant/weapp/progress/index",
    "wallet": "../../../components/wallet/wallet",
    "loading-view": "/components/loading/loading"
  },
  "navigationBarTitleText": "星球管理",
  "enablePullDownRefresh": true
}