{
  "usingComponents": {
    "van-cell": "@vant/weapp/cell/index",
    "van-field": "@vant/weapp/field/index",
    "van-radio": "@vant/weapp/radio/index",
    "van-radio-group": "@vant/weapp/radio-group/index",
    "van-button": "@vant/weapp/button/index",
    "van-icon": "@vant/weapp/icon/index",
    "van-popup": "@vant/weapp/popup/index",
    "priceTotal": "/components/sub_order/priceTotal/index",
    "official": "/components/sub_activity/official/index",
    "question": "/components/help/question/index",
    "payItem": "/components/payItem/index",
    "van-overlay": "@vant/weapp/overlay/index",
    "signUp-form": "/components/order/pay/components/form/form",
    "baseForm": "/components/order/pay/components/baseForm/baseForm",
    "loading-view": "/components/loading/loading"
  },
  "navigationBarTitleText": "支付订单"
}