{
  "usingComponents": {
    "van-tag": "@vant/weapp/tag/index",
    "van-image": "@vant/weapp/image/index",
    "van-icon": "@vant/weapp/icon/index",
    "van-row": "@vant/weapp/row/index",
    "van-col": "@vant/weapp/col/index",
    "van-tab": "@vant/weapp/tab/index",
    "van-tabs": "@vant/weapp/tabs/index",
    "van-popup": "@vant/weapp/popup/index",
    "van-stepper": "@vant/weapp/stepper/index",
    "host": "/components/sub_activity/host/index",
    "official": "/components/sub_activity/official/index",
    "favor": "/components/sub_activity/favor/index",
    "address": "/components/sub_activity/dateAddress/index",
    "members": "/components/sub_activity/members/index",
    "member": "/components/helper/member/index",
    "priceTotal": "/components/sub_order/priceTotal/index",
    "funcPanel": "/components/tabbar/funcPanel/index",
    "check": "/components/tabbar/check/index",
    "van-search": "@vant/weapp/search/index",
    "share": "/components/share/index",
    "van-action-sheet": "@vant/weapp/action-sheet/index",
    "loading-view": "/components/loading/loading",
    "user-list": "./components/userList/userList",
    "big-dialog": "/components/bigDialog/bigDialog",
    "ticket-popup": "./components/ticketPopup/index"
  },
  "navigationBarTitleText": "活动详情",
  "enablePullDownRefresh": true,
  "backgroundColor": "#000",
  "navigationBarBackgroundColor": "#000",
  "navigationBarTextStyle": "white"
}