{
  "usingComponents": {
    "van-icon": "@vant/weapp/icon/index",
    "van-cell": "@vant/weapp/cell/index",
    "van-field": "@vant/weapp/field/index",
    "van-cell-group": "@vant/weapp/cell-group/index",
    "upload-bg": "/components/sub_circle/uploadBg/uploadBg",
    "select-city": "/components/sub_circle/selectCity/selectCity",
    "change-Image": "/components/changeImage/changeImage",
    "select-type": "/components/sub_circle/selectType/selectType",
    "van-popup": "@vant/weapp/popup/index",
    "van-action-sheet": "@vant/weapp/action-sheet/index",
    "one": "/components/buttons/one"
  },
  "navigationBarTitleText": "星球管理"
}