{
  "projectname": "ppcs-mp",
  "setting": {
    "compileHotReLoad": true,
    "urlCheck": false
  },
  "description": "项目私有配置文件。此文件中的内容将覆盖 project.config.json 中的相同字段。项目的改动优先同步到此文件中。详见文档：https://developers.weixin.qq.com/miniprogram/dev/devtools/projectconfig.html",
  "condition": {
    "miniprogram": {
      "list": [
        {
          "name": "创建活动",
          "pathName": "subPages/activity/create/create",
          "query": "activity_id=712&community_id=49&re_create=1",
          "launchMode": "default",
          "scene": null
        },
        {
          "name": "活动详情",
          "pathName": "subPages/activity/detail/index",
          "query": "activity_id=712",
          "launchMode": "default",
          "scene": null
        },
        {
          "name": "",
          "pathName": "subPages/activity/detail/index",
          "query": "activity_id=729",
          "launchMode": "default",
          "scene": null
        },
        {
          "name": "专题活动",
          "pathName": "subPages/topic/topicOne/index",
          "query": "",
          "launchMode": "default",
          "scene": null
        },
        {
          "name": "活动规则",
          "pathName": "subPages/topic/topicRule/index",
          "query": "",
          "launchMode": "default",
          "scene": null
        },
        {
          "name": "",
          "pathName": "subPages/system/register/register",
          "query": "",
          "launchMode": "default",
          "scene": null
        }
      ]
    }
  },
  "libVersion": "2.30.1"
}