{
  "usingComponents": {
    "van-dropdown-menu": "@vant/weapp/dropdown-menu/index",
    "van-dropdown-item": "@vant/weapp/dropdown-item/index",
    "van-icon": "@vant/weapp/icon/index",
    "van-popup": "@vant/weapp/popup/index",
    "van-datetime-picker": "@vant/weapp/datetime-picker/index",
    "van-sticky": "@vant/weapp/sticky/index",
    "loading-view": "/components/loading/loading",
    "empty": "/components/empty/empty"
  },
  "navigationBarTitleText": "流水明细",
  "enablePullDownRefresh": true
}
