{
  "usingComponents": {
    "personal-info": "./../../components/mine/personalInfo/personalInfo",
    "function-area": "./../../components/mine/functionArea/functionArea",
    "tabs": "./../../components/mine/tabs/tabs",
    "activity-item": "./../../components/mine/activityItem/activityItem",
    "van-sticky": "@vant/weapp/sticky/index",
    "nav-bar": "/components/navBar/navBar",
    "empty": "/components/empty/empty",
    "mp-sticky": "@miniprogram-component-plus/sticky",
    "big-dialog": "/components/bigDialog/bigDialog",
    "create-circle-dialog": "/components/mine/createCircleDialog/index",
    "loading-view": "/components/loading/loading",
    "join-btn": "/components/index/joinBtn/joinBtn"
  },
  "navigationBarBackgroundColor": "#fee5d0",
  "navigationStyle": "custom"
}
