{
  "usingComponents": {
    "van-tag": "@vant/weapp/tag/index",
    "van-image": "@vant/weapp/image/index",
    "van-icon": "@vant/weapp/icon/index",
    "van-row": "@vant/weapp/row/index",
    "van-col": "@vant/weapp/col/index",
    "van-tab": "@vant/weapp/tab/index",
    "van-tabs": "@vant/weapp/tabs/index",
    "van-popup": "@vant/weapp/popup/index",
    "van-stepper": "@vant/weapp/stepper/index",
    "host": "/components/sub_activity/host/index",
    "official": "/components/sub_activity/official/index",
    "favor": "/components/sub_activity/favor/index",
    "address": "/components/sub_activity/dateAddress/index",
    "member": "/components/helper/member/index",
    "priceTotal": "/components/sub_order/priceTotal/index",
    "check": "/components/tabbar/check",
    "share": "/components/share/index",
    "van-search": "@vant/weapp/search/index",
    "recycle-view": "/components/miniprogram-recycle-view/recycle-view",
    "recycle-item": "/components/miniprogram-recycle-view/recycle-item",
    "van-action-sheet": "@vant/weapp/action-sheet/index"
  }
}