{
  "component": true,
  "usingComponents": {
    "van-tab": "@vant/weapp/tab/index",
    "van-tabs": "@vant/weapp/tabs/index",
    "van-cell": "@vant/weapp/cell/index",
    "van-image": "@vant/weapp/image/index",
    "van-tag": "@vant/weapp/tag/index",
    "van-icon": "@vant/weapp/icon/index",
    "activity": "/components/helper/activity/index",
    "member": "/components/helper/member/index",
    "share": "/components/share/index",
    "host": "/components/sub_activity/host/index",
    "search": "/components/pSearch/pSearch",
    "empty": "/components/empty/empty",
    "recycle-view": "/components/miniprogram-recycle-view/recycle-view",
    "recycle-item": "/components/miniprogram-recycle-view/recycle-item",
    "van-field": "@vant/weapp/field/index",
    "upload-bg": "/components/sub_circle/uploadBg/uploadBg",
    "change-Image": "/components/changeImage/changeImage"
  }
}