{
  "usingComponents": {
    "van-button": "@vant/weapp/button/index",
    "van-field": "@vant/weapp/field/index",
    "nav-bar": "./../../components/navBar/navBar",
    "p-search": "./../../components/pSearch/pSearch",
    "banner-swiper": "./../../components/index/bannerSwiper/bannerSwiper",
    "my-circle": "./../../components/index/myCircle/myCircle",
    "tabs": "./../../components/index/tabs/tabs",
    "circle-item": "./../../components/index/circleItem/circleItem",
    "van-sticky": "@vant/weapp/sticky/index",
    "van-tab": "@vant/weapp/tab/index",
    "van-tabs": "@vant/weapp/tabs/index",
    "join-btn": "./../../components/index/joinBtn/joinBtn",
    "big-dialog": "/components/bigDialog/bigDialog",
    "recycle-view": "/components/miniprogram-recycle-view/recycle-view",
    "recycle-item": "/components/miniprogram-recycle-view/recycle-item",
    "mp-sticky": "@miniprogram-component-plus/sticky",
    "loading-view": "/components/loading/loading",
    "empty": "/components/empty/empty"
  },
  "navigationStyle": "custom",
  "disableScroll": true
}