{
  "usingComponents": {
    "p-search": "/components/pSearch/pSearch",
    "van-icon": "@vant/weapp/icon/index",
    "van-dropdown-menu": "@vant/weapp/dropdown-menu/index",
    "van-dropdown-item": "@vant/weapp/dropdown-item/index",
    "empty": "/components/empty/empty",
    "activity-item": "/components/mine/activityItem/activityItem",
    "nav-bar": "/components/navBar/navBar",
    "big-dialog": "/components/bigDialog/bigDialog"
  },
  "navigationBarTitleText": "专题活动",
  "navigationStyle": "custom",
  "enablePullDownRefresh": true
}
