{
  "usingComponents": {
    "van-tab": "@vant/weapp/tab/index",
    "van-tabs": "@vant/weapp/tabs/index",
    "van-cell": "@vant/weapp/cell/index",
    "van-image": "@vant/weapp/image/index",
    "van-tag": "@vant/weapp/tag/index",
    "van-icon": "@vant/weapp/icon/index",
    "joined": "/components/sub_activity/joined/index",
    "member": "/components/members/member/index",
    "share": "/components/share/index",
    "host": "/components/sub_activity/host/index",
    "search": "/components/pSearch/pSearch",
    "van-button": "@vant/weapp/button/index",
    "empty": "/components/empty/empty",
    "loading-view": "/components/loading/loading",
    "big-dialog": "/components/bigDialog/bigDialog"
  },
  "onReachBottomDistance": 350,
  "navigationBarTitleText": "星球详情"
}
